"","PoissonsRatio","E","ThermalExpansion","InnerRadius","OuterRadius","InnerTemp","OuterTemp","ThicknessChange","YieldStress","TempDiff_for_Yield"
"1",0.15,703556489607,1.334e-05,0.0261800384125672,0.666768609266728,93.2193774380721,86.4282961410936,0.000739517195658549,50367959,4.68
"2",0.17,429951993278,2.545e-05,0.0938898350647651,1.05350972251734,79.3390038132202,67.6506309537217,0.00166591991491753,32406694,2.57
"3",0.24,372666533738,1.114e-05,0.297640136838891,0.925950359886047,118.643662624527,212.499691161793,0.00136543710072537,190106127,42.47
"4",0.09,28265918538,1.784e-05,0.821595427761786,1.32997547367355,49.7153620817699,112.781851628097,0.000825208930416252,183013426,501.83
"5",0.27,237927244101,2.02e-05,0.443618128346279,1.40613575269701,46.3844599784352,210.544331924757,0.00351307256973645,285895171,52.72
"6",0.12,799185742915,1.755e-05,0.63052585700294,1.49143746272195,192.422619869467,215.330107416958,0.00316950978226562,210085413,17.33
"7",0.13,237400962694,8.31e-06,0.475705885104835,0.486784343631007,68.5481716354843,70.660691143712,6.40713006597139e-06,226327334,195.57
"8",0.28,307047632011,2.578e-05,0.216469282133039,0.645364517243579,58.2497862400487,169.140201399568,0.00163313230601479,226791770,25.57
"9",0.02,693512220324,9e-06,0.392051971622277,1.46066676587798,145.172166411066,204.932418768294,0.00188237108681968,79326257,14.69
"10",0.05,646079430340,6.78e-06,0.665375576582737,1.36878747097449,197.832590650069,50.1259515353013,0.000435282403360458,135314509,40.74
"11",0.26,114776939154,2.969e-05,0.323520488813519,0.531047695139423,148.51485301042,213.943230331643,0.00118047060046122,38517313,12.74
"12",0.41,378684276817,1.656e-05,0.211058280176949,0.855802016891539,167.293857416371,83.6357314081397,0.00101888952311863,125995088,13.75
"13",0.21,380157370777,9.32e-06,0.821500023391563,1.89351770743495,27.2337659436744,153.123788145604,0.00121591520027197,107986518,31.9
"14",0.13,602771146803,5.52e-06,1.11818809309276,1.89524268583162,182.69430573564,125.653557485202,0.000620666028517781,310181139,121.59
"15",0.08,511308011829,1.314e-05,0.48465568391839,1.32316541034263,46.2619370839093,180.346883629682,0.00167403948657486,378869177,65.82
"16",0.37,561237481828,2.304e-05,0.0859437863132916,1.16648089650553,66.8745252245571,223.953240242554,0.00542111957409696,237385305,12.12
"17",0.42,505731530979,1.434e-05,0.340946396060754,0.704202071256004,186.004721722566,139.047990360996,0.000792007259112766,152591083,16.92
"18",0.3,751074477187,2.969e-05,0.143852070423309,1.25463817970362,161.507544456981,117.503997107269,0.00396646175162919,302220186,10.13
"19",0.28,729119020135,1.079e-05,0.8460404464975,1.52959358465858,118.350386916427,226.906795875402,0.00142217342875476,139604024,18.63
"20",0.42,392542074725,1.659e-05,0.937388193306979,1.53221922286786,121.026345452992,226.725842739688,0.00187991379080363,35255858,4.81
"21",0.41,112121152296,8.35e-06,0.847881196567323,1.2419084036909,189.029336208478,36.3028737891,0.000308442266000393,95264081,95.49
"22",0.31,377113525423,2.543e-05,0.60008919611806,1.23496447777841,111.315371323144,147.291635925649,0.00221662336536058,121680621,12.17
"23",0.16,677954917883,8.67e-06,0.429523628607858,0.977302718944848,72.9124893259723,124.643373029539,0.00052955745663534,57622564,10.99
"24",0.08,589996986259,2.853e-05,0.460116631193086,0.998744671265595,93.1981323170476,59.3070284696296,0.00104921628236551,383300937,28.52
"25",0.4,563670895880,7.66e-06,0.047855735111516,1.23908444015076,130.22092988831,127.801150694722,0.00116671854544554,60810640,8.58
"26",0.3,421273757885,2.886e-05,0.039768340436276,0.435159043318126,83.872382203117,40.5496450781357,0.000487008623654898,258078686,15.61
"27",0.29,723000711957,2.239e-05,0.698191387811676,1.1360196360969,104.818495665677,130.615271115676,0.00119363687227378,358951738,23.84
"28",0.41,364163971955,3.57e-06,0.806246752953157,1.80659150094027,65.9264536516275,222.594438970555,0.000651499630987717,82203549,50.56
"29",0.09,10798486578,3.71e-06,1.06459798391908,2.1205197841092,155.96176123363,208.329954225337,0.000757273218371455,83591202,2653.97
"30",0.32,245915174996,2.44e-05,1.01031147534726,1.80846278229263,182.256298791617,141.921754990472,0.00301274229936765,210246485,34.6
"31",0.36,18162253310,1.944e-05,0.368567996723577,0.582585527985357,130.815651768353,110.875770909479,0.000490654832264454,318272620,892.62
"32",0.03,637948009337,1.277e-05,0.769946730402298,1.29975061195903,53.81406621309,116.540638834704,0.000646950690899105,95116922,16.94
"33",0.06,486660055723,6.89e-06,0.801262580787297,1.94855920402566,80.0248714804184,185.825996950734,0.0012697205567159,163432366,60.15
"34",0.45,219412399726,1.84e-05,0.180074649844319,0.390100213559344,48.2063374889549,229.532202880364,0.00070123768761465,100674666,18.71
"35",0.4,433003924284,2.856e-05,0.663705989990849,0.969022587686777,139.293983048992,127.005857910262,0.00114780812979634,95985921,7.51
"36",0.11,128594781703,2.381e-05,0.228745085066184,1.17276136452099,194.444959348766,177.493279310875,0.00403064783651503,72700095,23.67
"37",0.43,514282083742,2.542e-05,0.485079888761975,1.08193726408994,56.4125963370316,115.553343732608,0.00152179698168579,63058282,3.7
"38",0.26,43683745647,4.92e-06,0.994684726591222,1.73661073310999,122.062921780162,182.16375685297,0.000593547525388318,282639488,1436.2
"39",0.07,661271371094,7.74e-06,0.252149165333249,0.586784930319991,107.276996813016,238.970579358283,0.000534784353749193,358918474,87.07
"40",0.33,118053343149,5.13e-06,0.0796668395609595,1.20385350954952,72.3258879967034,72.3774932965171,0.000417417671165965,12976566,14.91
"41",0.46,431083715246,2.678e-05,0.942229050700553,0.986212717704475,41.0119865031447,40.6760953599587,4.81061273459604e-05,296617091,26.73
"42",0.13,279539358420,2.73e-06,1.18663763234857,1.27385004617739,165.08974142489,175.939746940276,4.06440804451031e-05,294079252,639.74
"43",0.39,270512464035,1.575e-05,0.278741975317243,0.611280705227982,72.4039389984682,108.589214546373,0.000519002868841276,364133169,70.78
"44",0.01,27894226501,2.853e-05,0.091322815399617,1.04427990806056,198.494074092014,177.724735456286,0.00485892870937623,60839751,79.42
"45",0.06,683251380872,1.034e-05,0.0691900698840618,0.958392329283524,25.9909354906995,52.3534908134025,0.000472110047038614,260058073,35.84
"46",0.47,696877254350,2.973e-05,1.09205526968231,1.52134688060265,54.1429053293541,53.0979302246124,0.000682836100480379,159338039,6.74
"47",0.29,662153033810,2.464e-05,0.771942482269369,1.78971681475639,167.502349073766,83.8560489472002,0.0026238251784472,135274949,7.82
"48",0.31,644474253077,1.782e-05,1.01845971869072,1.70942128306022,65.4466176405549,191.756367892958,0.00184091742294892,92215945,8.28
"49",0.42,502299973664,4.42e-06,0.478165985434316,1.67701580995228,32.3420739907306,70.3723056882154,0.000339884639930863,176705950,55.54
"50",0.43,686870440366,7.18e-06,0.118684810390696,0.696424250719137,147.981535329018,40.7230646640528,0.000211310527368008,143275238,18.17
"51",0.12,649682819941,9.08e-06,1.02494933072943,1.40330417309888,162.211038242094,184.27904463606,0.00060315800132318,306259002,75.74
"52",0.3,594032036434,7.82e-06,0.218757643513381,1.12286483123899,53.1975987367332,78.7910501006991,0.000537325041646915,276925016,46.99
"53",0.23,327028494687,1.543e-05,0.452285440342966,1.60002665595384,40.9546712646261,139.561164891347,0.00218778270303667,377360938,68.83
"54",0.21,636773397492,2.709e-05,0.270134916845709,0.739302132723387,189.556889154483,112.08117219503,0.00163224478127816,57819386,3.35
"55",0.08,749709132875,8.78e-06,0.615542093277909,0.929632505041081,139.508272486273,90.5429903767072,0.000299187334295358,389712040,86.16
"56",0.36,11880096782,9.33e-06,0.393311121179722,0.618897661198862,47.916925419122,198.161201964831,0.000305220886995375,379387299,3370.32
"57",0.43,779413324108,1.496e-05,1.01188882058254,1.61597836252069,92.7714885212481,200.202544912463,0.00146974991516624,382513631,28.8
"58",0.01,365569393209,1.555e-05,0.881895930150058,1.59550449877977,42.0311454101466,223.947987880092,0.00185276793024182,102102269,26.01
"59",0.31,690771483080,2.198e-05,0.636299070564564,1.14829799138475,186.38570891344,144.397496985039,0.00177308552671427,222591130,14.84
"60",0.12,148350903394,8.66e-06,0.920142515217885,1.39841943498701,127.107422793051,81.985636788886,0.000407697175988612,368659709,397.76
"61",0.48,362455781954,2.524e-05,0.778309569922276,1.02025028837845,117.42497815867,123.783246066887,0.00073989121344312,162681825,15.73
"62",0.19,148959039357,2.172e-05,1.19147688939469,1.51066436293069,48.3061864855699,129.88925507525,0.000662018789146648,396776168,172.27
"63",0.16,62013552771,2.045e-05,0.880639472035691,2.02813133184565,52.2087506717071,229.628342628712,0.0043483125490208,235879467,208.77
"64",0.38,361430261626,1.796e-05,0.204354809795041,0.599347643190995,99.9173341086134,76.8586137448438,0.000577530046650492,269230726,32.08
"65",0.39,324582318037,1.572e-05,0.685287820603698,0.851308300241362,137.008081784006,42.7547539118677,0.00021699530025435,34576111,7.23
"66",0.08,637847272626,1.192e-05,0.828814531425014,1.07657481173286,132.565598882502,148.416658007773,0.000419108210305968,171099400,35.27
"67",0.09,414816082069,2.116e-05,0.19879527974641,0.614486237207893,93.4938306221738,121.43019339419,0.00102233267307669,333687848,42.73
"68",0.44,556195838728,1.819e-05,0.994119509137236,1.19447459097486,59.958212566562,142.399779276457,0.000386983782004748,16645911,1.65
"69",0.24,66932325563,1.977e-05,0.924429471187759,1.28463811474387,137.581328576198,216.969563567545,0.00132360775293599,261573302,246.78
"70",0.35,237519919574,9.95e-06,0.811282448770944,1.40004147663014,198.040631256299,178.76661560731,0.00108443494427225,101851375,41.52
"71",0.14,791187572107,1.332e-05,0.794336757420097,1.58072376362281,75.9345296421088,125.123644608539,0.00116277793234775,197228808,22.45
"72",0.21,462668669110,2.537e-05,0.422292279903777,1.40285908089485,128.304070414742,169.447698484873,0.00403752843125796,360432531,29.28
"73",0.42,257281693809,2.797e-05,0.917221712647006,1.6612299745786,173.632660094881,247.453106491594,0.00466824480426414,320535969,37.59
"74",0.06,536971745531,4.85e-06,0.215147264632396,1.36129141576821,131.617724802345,167.330290446989,0.000913534767650908,198917537,78.97
"75",0.13,322052177452,7.38e-06,0.721110634836368,1.5490365170897,57.0480668800883,239.557315880666,0.00116539940494783,296226798,148.6
"76",0.31,503524864288,5.11e-06,0.278710454069078,1.05450304649305,134.125288622454,181.528723699739,0.000691733310425391,287064923,91.09
"77",0.41,31741669653,1.989e-05,1.16755653221626,2.25361711809179,115.442481939681,78.1448481138796,0.0019262431351611,258623632,344.91
"78",0.16,315434300003,2.79e-06,0.677164678554982,1.74421104446985,86.6442684433423,100.574183190474,0.000289714841445124,74302002,91.01
"79",0.21,171288869316,1.21e-05,0.278597670302261,0.44403684866149,184.629484690959,43.6135323834606,0.000186029861479252,265113129,156.39
"80",0.3,592026341939,1.34e-05,0.64833168274723,1.2056846600282,111.73382725683,153.396047867136,0.0010508926692975,272827058,34.76
"81",0.22,95414627828,1.382e-05,0.695230626426637,1.84853555637412,195.215855416609,236.807284853421,0.00363129562963849,373016588,281.15
"82",0.45,397222528178,1.813e-05,0.769112331790384,1.79750243975781,41.3036722049583,229.651340947021,0.00341548272735609,85809577,8.71
"83",0.24,740930271316,2.73e-05,0.61872112393612,1.29247486414155,182.184672477888,236.401949898573,0.00407521840242552,11502676,0.6
"84",0.29,569458996810,7.98e-06,0.157453304340597,0.187202209020033,71.2452460080385,132.453078770777,2.50164734619251e-05,59842919,16.72
"85",0.3,565364973743,7.52e-06,0.59282483858522,1.57820485024713,38.2996673753951,210.813154856442,0.00128569706077005,149851910,31.35
"86",0.06,611564774208,8.49e-06,0.234436434316449,0.684642377186101,150.152755470481,75.4343071661424,0.000344829312673955,371353570,84
"87",0.2,265932714553,2.493e-05,0.450950801819563,1.58383472132962,109.940746368375,44.5782286697067,0.00156069305890423,13216403,1.91
"88",0.19,40665477910,2.645e-05,1.1607073506969,1.76449632626958,42.4210268247407,148.53541731718,0.00175463320451027,333019079,395.3
"89",0.37,58893727784,2e-05,0.0830624743108637,0.476163513036445,153.03131066612,248.459019267466,0.00188019891720971,208561399,123.36
"90",0.3,639811764490,6.01e-06,0.782198298987932,1.09685638026102,78.0201103247236,150.23827093537,0.000230878562721186,348665760,103.32
"91",0.31,375012302739,8.41e-06,0.572237771595828,0.732585840998217,87.9047585069202,142.474158346886,0.000161295770979044,388561854,146.44
"92",0.19,496552881680,2.976e-05,0.259126893598586,1.12725173467072,120.593376102624,44.2971926764585,0.00140208472167374,153378022,9.73
"93",0.43,111229153653,1.885e-05,0.435595203901175,1.39251461168751,109.587576566264,206.987256999128,0.00341747809218559,83859928,27.64
"94",0.03,206120512281,1.002e-05,0.407127442792989,1.07308723513735,60.1196918170899,239.260952948825,0.00133508856068575,233039197,139.52
"95",0.04,256179589066,2.741e-05,0.85401909096865,1.50100774278864,94.7145658021327,47.3070201114751,0.00110905372883178,76266720,15.39
"96",0.44,470788832114,1.31e-05,0.457016233396716,1.33583881816128,153.5097166372,119.241888914257,0.00145072767841938,136258493,15.51
"97",0.23,262186617125,8.92e-06,0.746888140935916,0.822004031476099,97.2247988916934,156.135044799885,8.61509627631973e-05,335903015,209.02
"98",0.23,738187083306,2.11e-05,0.0801940407278016,0.974669382111169,78.5751945455559,143.924386694562,0.00266261860225848,337022027,17.35
"99",0.29,468821491629,1.875e-05,0.504212597329169,0.784095912138,137.565181229729,50.4624777182471,0.000428091102569403,230351133,29.02
"100",0.3,333720632885,1.803e-05,1.04132279728772,1.62042887671618,36.1378910718486,99.4511188589968,0.000802413168495754,142903943,25.86
"101",0.2,243451879956,2.547e-05,0.133657560367137,1.0097223255923,67.8828186064493,160.879698308418,0.00343913181556513,380178698,52.64
"102",0.34,265739858542,2.812e-05,0.379520136923529,1.43232300842414,65.7437361660413,33.1735444604419,0.00112841647058699,372119320,38.47
"103",0.42,187900405447,3.1e-06,1.08735879848478,1.93259152944898,197.635805828031,109.548557834933,0.000360198213114368,273131291,401.71
"104",0.29,54626823075,8.67e-06,1.04984033909393,1.7400753598474,73.9292027777992,91.4578652067576,0.000511654154475671,211074366,479.98
"105",0.18,632653966213,1.311e-05,0.96033127597766,1.54683891973691,189.289164252114,47.0089605252724,0.000741156267588855,342400450,51.74
"106",0.23,526975532894,7.17e-06,0.537971932247747,1.47818356682081,35.5226710962597,199.226621014532,0.00111079464377602,383889073,99.37
"107",0.34,751887887614,3.14e-06,0.735615646971855,1.08106447376311,188.985319033964,229.362777795177,0.000232205804769903,197790939,88.01
"108",0.26,78318274661,2.748e-05,0.76381655568257,1.20890031359624,25.6382524326909,126.268267037813,0.00111101579668063,322172664,170.5
"109",0.05,556062506130,9.32e-06,1.04903577521443,1.86303352653747,71.4242497575469,123.618894862011,0.000811833484299851,140981335,38.03
"110",0.12,241537628428,2.75e-06,0.622771885411348,0.85679630672792,90.973122959258,91.6836143762339,5.88719026242851e-05,328680797,722.01
"111",0.35,527112372236,8.48e-06,0.727859914333094,1.72501919453032,106.292119057616,168.101565988036,0.00129461202256871,351379353,66.99
"112",0.13,346307729201,1.547e-05,0.418965895369183,0.683370516281575,119.630878063617,226.30238783895,0.000776066943257981,13933251,3.45
"113",0.12,403456813102,2.379e-05,0.139451402784325,1.11140083198436,169.26685210201,105.394913785858,0.0025382341935837,210137856,20.73
"114",0.45,59709968253,1.595e-05,0.861425355765969,0.997684573235456,51.0470794397406,38.6519281892106,9.61331150231183e-05,45540735,48.17
"115",0.44,380261113374,2.685e-05,0.181221854044124,0.763210282542277,118.433798500337,215.530195023166,0.00316228172150739,276978916,17.52
"116",0.38,84722806709,2.414e-05,0.953498859039973,2.05179157659411,147.07380545442,154.529883572832,0.00404458284780937,284780130,117.28
"117",0.29,337105526135,1.125e-05,0.271932409047149,0.396765331292991,77.6222168642562,150.059624185087,0.000172344510549176,118605717,35.45
"118",0.23,111911579426,2.031e-05,1.12094320761273,1.7264728458738,66.3255455961917,61.6070527699776,0.000778742828739418,355667987,187.16
"119",0.04,796936441835,1.669e-05,1.1036220859969,1.85957766264444,125.07988876896,105.429010372609,0.00141309802703692,207945486,22.61
"120",0.4,757672131218,1.523e-05,0.420442093159072,0.813131087021902,38.7846488738433,44.7180773713626,0.000256907404946514,88918740,6.54
"121",0.05,145878572119,1.722e-05,1.18696821437217,1.6191811329592,30.5848609190434,91.635009291349,0.000501114728212324,214491663,134.99
"122",0.43,703077181645,5.41e-06,0.760671752123162,1.23961870656349,170.949457236566,187.021704408107,0.000470352210158507,119542405,27.33
"123",0.39,632047089294,1.355e-05,0.295775379063562,0.663893690342084,161.309804033954,135.16811063746,0.000707439016819011,133703208,12.74
"124",0.32,201898651342,2.298e-05,0.272188764982857,0.409456940016244,74.5939508196898,47.2392090479843,0.000180691054260246,10203923,2.36
"125",0.45,643015342806,2.019e-05,0.087851067725569,0.781966295195743,156.690051709302,249.870494042989,0.00342146441634907,96383472,4.32
"126",0.4,436032929665,4.36e-06,0.527716666618362,1.01503199612955,109.98610125389,60.1846120553091,0.000159142165333052,184900633,83.63
"127",0.44,765853304758,2.676e-05,0.87273854332976,1.80314707997488,123.959378257859,207.260826445417,0.00458499456160891,87643279,3.32
"128",0.25,445275455411,2.604e-05,1.00252956361743,1.92483730766457,163.479950086912,132.996868726332,0.00341116285674937,97841982,8.96
"129",0.07,364018088102,3.05e-06,0.897739515181165,1.59286396869458,126.90363873262,71.6780368878972,0.00018924816085631,191217736,234.77
"130",0.37,328179024316,2.18e-05,1.02763964226004,1.44225275711855,90.2025948627852,213.405817328021,0.00149535428012571,120742898,17.33
"131",0.19,620028187928,1.831e-05,1.15109443090158,1.70708469181787,143.782657419797,114.002404041821,0.00127300132644258,145990482,16.54
"132",0.14,54818580619,4.57e-06,0.697239924448077,0.839635473098606,164.118603861425,200.166251900373,0.000119980092743239,168714176,1026.72
"133",0.14,111638756781,1.659e-05,0.908416009107605,1.27421458986821,74.5602154114749,218.669584469171,0.000986811410524809,261884920,198.85
"134",0.04,641363825391,1.078e-05,0.962622893743683,1.62400418150006,125.609240744961,198.558596690418,0.00124278146977869,191384815,39.81
"135",0.33,708693400258,1.782e-05,1.09334696702659,1.90917143684113,49.0786400041543,58.0468502419535,0.000801902242427491,265227729,20.67
"136",0.27,201937358694,2.64e-05,0.548903732297476,0.843075913421344,106.727751484141,108.75197245623,0.00083885107402189,199571060,42.52
"137",0.4,28930767919,1.784e-05,0.0336049770703539,0.593885897530708,67.4851509567816,67.255081870826,0.000672129134804671,83773438,99.87
"138",0.22,583118778928,2.108e-05,0.773202708791941,1.69227109135361,137.221416761167,190.603733778698,0.00342187163964115,265551526,22.85
"139",0.22,486705836710,2.126e-05,0.176057965850923,0.546148639430758,111.995769536588,72.7650928776711,0.000629795027080428,299886104,27.78
"140",0.13,276736639824,1.086e-05,0.0643335644947365,0.222631753934547,153.407985327067,227.397506748093,0.00036977011513151,118952788,41.08
"141",0.07,469038458550,1.533e-05,1.01703309343662,2.06345759339398,111.626915010856,102.865081484197,0.00168987352853136,325726987,58.92
"142",0.02,750892972064,2.833e-05,0.0505298708309419,0.806065403649118,44.5368008804508,33.275488257641,0.000720243154432244,148601968,7.09
"143",0.01,637805813220,1.279e-05,1.01784960118355,1.28243331111735,198.290946439374,172.683352883905,0.000621170038634036,52690475,11.08
"144",0.47,492946852227,2.427e-05,0.31024374834029,1.33699550696881,95.9796989220195,155.562311032554,0.00368084616265664,139142325,7.12
"145",0.29,587946999189,2.474e-05,1.00925504071638,2.00995104391361,151.65971488459,110.282376117539,0.00302364871717937,297365935,20.38
"146",0.44,59411042116,2.722e-05,1.16499403486261,1.3394282897329,117.57279605954,103.012639598455,0.000520519934921164,144608794,92.37
"147",0.18,721317417722,1.762e-05,0.885193995793816,1.8423939575674,64.2917062272318,35.3299892740324,0.00073031875921038,72501763,6.44
"148",0.28,705209556133,1.625e-05,0.130827570864931,0.697353748925962,169.581049372209,225.173132371856,0.00201881153341912,101743613,7.18
"149",0.26,194418579722,1.37e-05,0.0664193888264708,0.496641082291026,37.0878057205118,83.125753107015,0.000470078694684995,171783901,51.53
"150",0.39,475955269309,1.632e-05,0.521773496211972,1.55502279076027,140.326987882145,182.407646346837,0.00293928192966115,179839859,17.62
"151",0.15,304662565775,9.03e-06,0.718416145390365,0.888915810822509,40.6080193759408,220.154822454788,0.000220216045959034,122303260,66.5
"152",0.09,251955802499,1.695e-05,0.570773394654971,1.55253409585683,34.5145006023813,232.373328169342,0.00316850915788822,172963083,46.67
"153",0.11,301680566764,2.071e-05,0.357780040369835,1.55015699443407,82.0807268319186,50.3162993176375,0.00134562823207612,108224220,17.76
"154",0.35,300605983844,6.63e-06,1.02269840739435,1.65350488626631,85.0808273593429,201.277302607195,0.000673486620479174,58297722,28.9
"155",0.44,38774662430,5.48e-06,0.333024004246108,0.36163099645637,114.050513517577,47.3450373858213,1.23630267856026e-05,315117052,1575.96
"156",0.29,113131374281,9.79e-06,0.690465593528934,1.0776990771573,167.015236063162,143.509076436749,0.000576017231400591,91872194,91.99
"157",0.29,411254169347,2.48e-05,0.564057761521544,1.3628110750718,108.776223124005,221.796178573277,0.00385921094733964,197754251,18.12
"158",0.07,271737495186,2.389e-05,0.80126595769776,1.10476050439756,136.2641646876,59.9364198686089,0.000652980553971783,216212172,51.43
"159",0.36,702536122252,2.622e-05,0.992759194956161,1.7356947339559,125.623719650321,247.901033773087,0.00405993601199898,285823287,14.61
"160",0.22,324646757145,2.979e-05,0.470887946814764,1.15846723972354,62.1745890413877,129.266094311606,0.00232565513097268,77011833,8.14
"161",0.43,279475574677,2.52e-05,0.533626203129534,0.870600839909166,115.558957733447,152.409877511673,0.001186858306953,62566741,7.67
"162",0.06,221730472348,6.77e-06,0.0269732527364977,1.02119481561007,172.536055743694,148.073679959634,0.000998558121960646,180089590,114.11
"163",0.05,517560254261,5.94e-06,1.00934336654143,1.76876254588133,54.3393336702138,138.855512946611,0.000503641502619139,277608007,126.71
"164",0.19,685374499874,1.863e-05,0.936210397700779,1.49843871520832,42.556092934683,183.793566166423,0.00140895110092532,238256383,23.13
"165",0.2,11612522388,1.309e-05,0.24164766286267,1.0313037173287,118.101866811048,153.746016998775,0.00153978311670564,229670490,1388.89
"166",0.41,680334709748,2.059e-05,0.367467326726764,0.77798223296646,168.099032109603,142.120690346928,0.00126074562510403,150388794,8.65
"167",0.42,381019629142,2.841e-05,0.635824046654161,0.781659761329647,165.60078219045,230.947497865418,0.00084003107361345,149387125,14.2
"168",0.04,538957715074,1.002e-05,1.09996827607974,2.2818741503451,153.991614852566,40.8424144261517,0.000853402518705471,41905724,10.25
"169",0.32,122527392770,2.476e-05,0.609069598251954,1.6526179840113,140.209819091251,230.89479591581,0.00546817418070662,96675332,27.69
"170",0.43,364790468798,1.545e-05,0.467610174496658,1.66016938336659,96.0265144472942,230.736221728148,0.00384867918877457,185616624,22.35
"171",0.32,627821188748,1.85e-05,0.214247099664062,0.778979510986246,56.7767353204545,187.710904248524,0.00174495137438586,26372631,1.83
"172",0.21,151604456075,2.89e-05,0.315030420008115,0.360675707331393,131.609467958333,167.782607802656,0.000199593229905819,374620122,123.63
"173",0.29,641919668473,8.22e-06,1.19239024642389,1.68395822944352,138.456914271228,163.254703080747,0.000620597661489825,295130703,64.8
"174",0.27,268773905798,2.865e-05,0.637437996789813,1.12533160282299,108.910201577237,82.5304896745365,0.00127145468334295,58448023,8.19
"175",0.46,129675083936,1.494e-05,0.471384805936832,0.822659230516292,154.954139090842,131.10486845253,0.000728726580796884,116011167,47.73
"176",0.16,360527852010,2.173e-05,0.162558237074409,0.414832926336676,49.9471787479706,203.400258050533,0.000924787433880016,171179843,23.8
"177",0.28,199720462942,1.105e-05,0.0169699382083491,0.19300300890347,103.336798009695,106.329505628673,0.000206486960444838,366821737,125.55
"178",0.14,293337268906,2.038e-05,0.721334910953883,0.845443468173034,41.7707448534202,121.09804727952,0.000216531478659901,11502492,2.98
"179",0.3,38999914206,1.144e-05,0.416870097958017,0.757172689973377,120.893038564827,57.4304098263383,0.000300757940500772,333047298,762.62
"180",0.46,743918924036,1.658e-05,0.456120532555506,1.4699911410315,162.279958167346,78.1318651221227,0.00156665115708237,174900937,9.41
"181",0.44,279322778317,9.21e-06,0.266983506865799,0.594506610967219,199.412547377869,36.6464725171681,0.000237415861868079,338964816,98.55
"182",0.44,98168989227,2e-06,0.461855781641789,1.15445883231936,105.514251173008,56.168259808328,9.36798273955458e-05,138952993,510.18
"183",0.27,169774656049,9.86e-06,0.100038617425598,0.536861033202149,185.291761852568,74.8235983483028,0.000372133203144705,174488996,85.23
"184",0.11,544710268676,5.56e-06,0.135479924450628,0.673442849756684,67.1667560993228,179.150853783358,0.000498121852365659,322938742,107.38
"185",0.33,622213751066,1.611e-05,0.13716656211298,1.31048325270182,193.049178260844,48.2600056217052,0.00106748624638311,344728394,24.57
"186",0.19,594212833587,3.01e-06,0.876111695913132,2.05103211087175,111.658548936248,142.324339633342,0.000476814618591368,193025546,115.33
"187",0.2,708504406540,3.35e-06,0.50263778006658,1.20842013759771,101.682626537513,89.9721462046728,0.000219282677544029,170069181,75
"188",0.13,747618163347,2.934e-05,0.123582907912787,0.547994030674454,175.305313826539,180.844506481662,0.0022432331222048,344633060,15.65
"189",0.28,581060067948,1.131e-05,0.891179679308552,1.68206207925687,113.800492230803,237.151022563921,0.00178821917053318,304528121,47.74
"190",0.04,268957143233,1.983e-05,0.382541567713488,0.600411610759329,38.2475459889974,190.857757098274,0.000590834737131561,25515873,7.09
"191",0.09,712757291447,1.795e-05,0.132860426078551,0.981192483969498,160.024574038107,154.369683557888,0.00235674941833155,157812703,12.12
"192",0.19,320150827577,1.432e-05,0.17408432321623,1.20065111924894,48.9965988090262,145.293352857698,0.00202272978165536,31655966,6.06
"193",0.39,750828301196,2.648e-05,0.489457976152189,1.10927287911531,196.115565951914,154.918144067051,0.00271435980586616,350750600,14.37
"194",0.01,131795115753,2.868e-05,0.283930993897375,0.57153950646054,111.719127919059,163.470329216216,0.00122709423500698,83292930,30.4
"195",0.4,148724918361,8.31e-06,0.52646968618501,1.71850284122862,191.736674460117,34.5958241377957,0.000617569848541985,124894048,73.63
"196",0.22,769326860227,1.14e-05,0.416137098923791,0.933227873183787,65.3914891649038,83.1766773597337,0.000463247341241052,232792201,27.69
"197",0.31,35990342605,9.07e-06,1.07192976495484,2.26954606708605,165.996628074208,204.721484455513,0.00211025817393727,124951624,361.35
"198",0.06,384600951364,2.077e-05,0.349867399425711,1.39543583069229,185.188901855145,222.083945496706,0.00470858584131185,342553358,47.07
"199",0.28,639727126244,2.181e-05,0.22166603812715,0.516804230648559,133.765595447039,32.5808540103026,0.000370568073242533,140529854,9.61
"200",0.4,32618463945,1.367e-05,0.704678971432149,1.46437289574184,146.36920816265,154.949011368444,0.0015848669977929,32897892,60.88
"201",0.21,792956950695,2.536e-05,0.695120575940236,1.16848206838593,41.1579519161023,80.4183707747143,0.000807985163266884,24598759,1.45
"202",0.14,764437567443,1.07e-05,1.1527521969215,1.17891822952311,120.906045136508,31.3221855729353,2.11216270300969e-05,373144924,76.99
"203",0.2,324811388697,2.857e-05,1.0514705473301,2.15997013995191,166.300507925916,231.253313750494,0.00675002557880551,162550451,19.35
"204",0.26,420854901110,2.896e-05,0.0345244293287396,1.03781721294625,137.030721374322,35.8126283215825,0.00109105875612865,350854081,21.62
"205",0.47,483935259678,1.339e-05,0.469565380164422,0.79158992895158,152.501445665257,92.3452799790539,0.00048463341549592,31368607,3.87
"206",0.34,203317841140,2.679e-05,1.11315284141572,1.6167066680151,148.676921438891,200.293968163896,0.00243866178138545,228817754,44.86
"207",0.46,746180974655,8.86e-06,0.231647261432372,0.363298173937947,25.1093084400054,138.747160765342,0.000114775208120888,222409318,28.1
"208",0.3,334894129708,2.91e-06,0.81571726426715,0.994312256567646,103.293755545747,145.396227570018,6.5988160369474e-05,185399509,234.71
"209",0.11,328658515846,1.275e-05,0.189112620432861,1.09084255739581,110.570839216234,213.54077073629,0.00233967588938179,140616474,33.19
"210",0.12,389858948693,1.017e-05,0.128361476990394,0.72113202428678,166.756374703255,25.9485000919085,0.000241059702932948,306597993,75.87
"211",0.09,316383103665,4.86e-06,0.175527201860677,0.435245969670359,29.2462801269721,157.32593643479,0.000161037639927701,33923903,26.29
"212",0.26,281951497491,2.558e-05,0.822771832484286,1.93779253678164,75.1210221962538,43.4550890582614,0.00146058392117026,121680794,16.5
"213",0.32,339445624934,2.767e-05,0.722634353470057,0.737484364097472,110.884090908803,66.0885725112166,3.62377978251405e-05,281803837,40.25
"214",0.03,460923624914,7.32e-06,0.915369283310138,1.88144263201626,138.535464648157,179.738953255583,0.0011901895948412,79206728,31.53
"215",0.15,360550651087,7.71e-06,0.421617849541362,0.519446977558546,38.0189315008465,242.614606471034,0.00011654663555451,224942567,120.92
"216",0.13,777256421910,1.767e-05,0.410257550918031,0.664430962393526,60.6062511797063,73.6799305654131,0.000310641709949641,200406941,19.32
"217",0.06,48718325964,2.39e-06,1.09737581127789,2.07855241087032,172.316684137331,236.973011738155,0.0005098875191636,362070730,4170.35
"218",0.02,789558889635,6.03e-06,0.564853477496654,1.06568889283575,57.8954151831567,37.9426421131939,0.000132748442470686,349711093,103.08
"219",0.05,421076213156,2.503e-05,0.0225741607858799,0.647171338063199,91.5864381298888,217.764724965673,0.00336927981445826,100270429,9.19
"220",0.11,437431614439,1.763e-05,0.64777712023817,0.723638084456325,52.1643124346156,74.6542800276075,8.58932352702559e-05,289706675,61.98
"221",0.38,423944233889,2.47e-06,0.298271384141408,1.42736027775565,189.654916670406,151.651745371055,0.000435577078984187,393580827,262.54
"222",0.01,672635692789,3.73e-06,0.829232279465068,1.73064150607679,105.601433047559,225.451955175959,0.000647567347862231,370285196,200.36
"223",0.33,60060739752,2.065e-05,0.396837396204937,1.5182916820934,28.7114026315976,145.701540855225,0.00296898624200186,188036681,119.5
"224",0.49,656222197646,7.98e-06,0.347805284950882,1.18936797505012,136.934679298429,166.67718035751,0.00108638392590866,311604560,36.66
"225",0.42,133033345798,2.855e-05,0.582044266383164,1.59832700050669,124.087296408834,57.1870177460369,0.00206720606841487,202504964,39.32
"226",0.28,718573608191,1.94e-05,0.774743745867163,1.33742055382347,61.7849599628244,31.4715786429588,0.000451693710091251,336448139,25.94
"227",0.06,416560712408,1.559e-05,0.987322084838524,1.97373061482096,158.663515048102,147.284858685452,0.00231460464751485,391883085,79.69
"228",0.45,594211811638,4.86e-06,0.925220700316131,1.57661297415616,191.360680328216,150.872269185493,0.000520137518571662,207257623,59.02
"229",0.09,53664320211,1.858e-05,0.38348416073015,1.06404052193044,72.4681465188041,220.453233818989,0.00239788405268362,362924970,416.8
"230",0.45,88671367320,1.762e-05,0.988358520944603,1.08977777663153,197.377243131632,39.2613589239772,0.000202227738289612,45098856,29.59
"231",0.45,720561427949,9.7e-06,1.01506260827417,1.11697168277344,189.651268778834,233.755269466201,0.000210706515671092,167036203,24.85
"232",0.23,781430347969,8.69e-06,0.144664393051062,0.82258977111429,193.324109958485,163.813530275365,0.000982260159485225,180893470,22.85
"233",0.18,19069930860,4.13e-06,0.86980288739549,1.02753957237583,91.0273547517136,36.9729326106608,3.97482244914798e-05,266691022,5027.96
"234",0.34,108167443678,8.22e-06,1.08330130646238,1.2212496114336,188.694378809305,63.4788017370738,0.000137284102362044,387150895,536.44
"235",0.15,594294805310,2.229e-05,0.235093625201844,0.343556302087381,101.065106812166,183.677845873171,0.000368950244369524,356275782,36.84
"236",0.03,85107156499,1.682e-05,0.262563466599677,0.83653059538221,191.010415751953,163.843583170092,0.0016293950009231,80060488,66.36
"237",0.26,607258606844,8.86e-06,0.109217119633686,0.99495390945347,197.175634221639,42.2826227324549,0.000404127927999597,70460204,10.31
"238",0.32,490331947398,1.864e-05,0.114595819562674,1.1320233504381,58.6411483003758,211.745638912544,0.00385744781112643,354522044,27.89
"239",0.38,524169790570,9.7e-06,0.0975573637499474,0.756936049121432,164.116013841704,31.3382738502696,0.000260608540356213,206339001,27
"240",0.33,495496974171,9.3e-06,0.509671459260862,1.03267143367091,149.102925654734,203.350163501455,0.000914754478121028,370236360,75.5
"241",0.09,527107844462,2.47e-06,0.691607564736623,1.26587553916965,154.351856338326,216.550398158142,0.000279800697478048,109893528,111.16
"242",0.48,53919695036,5.65e-06,0.031109277321957,0.574748317545746,130.065861798357,52.3316151462495,0.000167601514728084,170064765,299.22
"243",0.35,393742366089,1.056e-05,0.0741443591075949,0.994568475631531,33.3014542353339,70.4537115176208,0.000670642745475695,282536735,46.13
"244",0.42,794358287277,1.007e-05,0.248414266342297,1.34592194281518,54.2650817660615,60.3384890768211,0.000659590695847164,334352675,26.95
"245",0.03,685245053112,1.714e-05,0.201038573170081,0.321394682435785,71.0676392947789,129.37897790689,0.00022484339348723,89200611,11.33
"246",0.45,319569428582,5.3e-06,0.754085500820074,1.74056049786508,102.160414075479,136.502689676126,0.000668673492122902,379440773,164.41
"247",0.48,625406333860,2.546e-05,0.0857170614646748,0.634996119018178,95.6200085987803,242.434046289418,0.00323714543688916,33055258,1.16
"248",0.1,742776662707,6.24e-06,0.830760878382716,1.04554465301568,153.656663076254,74.2285085783806,0.000144643845623869,186067032,62.69
"249",0,324230250339,1.125e-05,0.362898733986076,1.1757543148892,27.8698677138891,224.193664186168,0.00173119700551397,363579665,121.18
"250",0.36,141668054159,2.926e-05,0.274576822246891,1.43275679955957,170.236831437796,90.4521812568419,0.00335645921863715,81330356,14.16
"251",0.27,734416609181,2.184e-05,0.354496445457917,1.19744920910802,151.887277123751,113.721833820455,0.0022134867094196,131722134,7.18
"252",0.47,747071163550,2.8e-06,1.00966366987908,1.41126689028926,31.166749476688,225.760443526087,0.000168206831330117,25967406,10.86
"253",0.07,588080617625,1.472e-05,0.519747307542711,0.718302036446985,170.624573598616,83.2607722608373,0.000343931757991909,199324157,35.39
"254",0.32,453722114014,9.08e-06,0.364682491072454,0.647319387381431,125.217573542614,98.8743191352114,0.000275407104647399,333743212,81.01
"255",0.14,205926102377,1.379e-05,0.502698557528201,1.2383168909559,101.908673578873,151.934469951084,0.0014222490621717,399792081,157.52
"256",0.04,206333693059,4.44e-06,1.06830665921094,1.81596753966529,179.033030330902,26.5918593562674,0.000255541892972968,25965670,40.84
"257",0.23,278142481372,1.441e-05,1.11386577044148,2.13641699518776,155.143250297988,198.139116854873,0.00273223478591136,307926893,84.43
"258",0.47,377833489266,2.604e-05,0.686525367964059,1.61543804881163,137.056179280626,179.799506533891,0.00409546775115129,275046900,19.74
"259",0.09,573695849285,1.207e-05,0.77313807703089,1.0935575762298,140.528724406613,91.941823461093,0.000428373115484766,366160900,78.75
"260",0.26,260726808326,1.804e-05,0.759508934838232,1.79643395015504,111.785352090374,120.837791491067,0.00221949814836742,278088698,57.68
"261",0.26,520919926914,1.419e-05,0.102323192111216,1.2664418094838,135.250480409013,48.9718193653971,0.000870373661123037,217827688,22.67
"262",0.06,264233481141,2.348e-05,0.055894052372314,0.130437121868599,83.0711038259324,167.369771254016,0.000256533571545877,390852352,78.32
"263",0.42,549611986720,1.407e-05,0.69332171945367,1.87193183827214,37.1639966557268,233.768206095556,0.00318051493685861,374121731,35.62
"264",0.26,120202987408,2.442e-05,0.454059830021579,0.481281071503181,36.1476223682985,114.503881102428,5.10853532496367e-05,310045993,150.18
"265",0.02,725484716559,9.19e-06,0.272172177170869,1.37757169007091,65.4160818841774,223.499804217136,0.00209106760137463,212782238,35.34
"266",0.49,702683366681,2.387e-05,0.623172598173842,0.901748138740659,101.474258623784,206.428034912096,0.0011076890315042,21601015,1.06
"267",0.11,204330831734,9.19e-06,0.322085975420196,0.761145213409327,124.692995619262,29.6561552793719,0.000213058403620645,76881635,48.4
"268",0.08,634664104423,3.02e-06,0.869966246408876,1.51483017874882,76.4936640742235,72.3314960836433,0.000143518390072778,50062072,35.65
"269",0.02,281538197796,1.406e-05,0.77732503594365,1.45287867579842,105.892006808426,133.056394645246,0.00118577329135304,30146494,10.74
"270",0.03,324186996084,2.075e-05,0.062921203833539,0.888184723560698,83.4982890868559,244.430557370652,0.00408301622890698,389329151,58.08
"271",0.33,56372198355,1.215e-05,0.723749390298035,1.18376999759581,96.1631544283591,51.9606734975241,0.000374950458285133,102313438,151.85
"272",0.03,486656308207,2.075e-05,0.400308712206315,0.761762163424864,53.1367308285553,135.156556864968,0.000829785422820248,42757688,5.85
"273",0.33,150491356361,1.679e-05,1.00013716967776,1.0329411783861,107.897201617016,105.144932796247,5.86674285243019e-05,366667120,190.05
"274",0.24,555679832734,1.09e-05,0.689362672627904,1.56887554466026,197.531905886717,64.5757871388923,0.000941656216802968,378552805,63.56
"275",0.32,625818177515,2.699e-05,0.300581562169828,0.829980900492519,30.7673900795635,154.457296134206,0.00183748367546433,94673486,4.8
"276",0.08,382054514766,2.386e-05,0.512736835880205,1.40367846655194,90.3978536487557,130.38078926038,0.00259184636665715,376048442,48.18
"277",0.23,334109347113,1.095e-05,0.381323377187364,0.468817238826305,59.5980708661955,164.15774669731,0.000114024751896194,236580188,87.91
"278",0.28,164372304112,1.396e-05,1.1484065872198,1.62405556163052,149.345861689653,224.297958950046,0.00129670987900186,127566797,65.2
"279",0.15,354084922359,2.725e-05,0.0922058605845086,1.00681706489995,93.9484113943763,156.212673115078,0.00381708189942001,80930745,7.54
"280",0.32,726524983973,1.462e-05,0.945401843439322,1.8539711636724,106.565463682637,70.1941537845414,0.00107311675539788,374806395,34.07
"281",0.16,426498287653,2.483e-05,0.608791398238391,1.50280265631387,187.410985451424,226.469491817988,0.00482395450403149,118061775,12.15
"282",0.39,204458511421,2.901e-05,0.302048209963832,0.98764898826601,176.805991731817,156.498006457696,0.00318367567233628,68723369,8.61
"283",0.06,95828381109,6.73e-06,0.362837012275122,1.46532055911142,144.308076164452,44.8495334829204,0.000436958888277281,358714062,605.99
"284",0.11,382857424642,1.034e-05,0.238905279361643,0.396683564232662,170.041538914666,93.9307437336538,0.000195220497418479,40258322,13.61
"285",0.42,708121511133,2.218e-05,1.13786199229071,1.49115092710359,50.9301704820246,174.971360311611,0.000971773467997282,179213481,11.19
"286",0.49,771055414358,1.34e-05,0.136644197453279,0.426146464115009,54.8952749697492,188.316483917879,0.000634739131033869,38594639,2.35
"287",0.11,217009514486,2.704e-05,1.04679761559237,1.82504352321615,195.939505851129,55.7596792757977,0.00212816943861198,117614459,26.28
"288",0.05,522240021816,1.29e-05,0.465707948752679,0.745953331922647,74.8858677106909,151.75144575187,0.000451868148649192,181769210,39.35
"289",0.42,271879766900,1.87e-05,1.18914271141868,1.21223658088595,173.42111322796,120.270339265699,6.32828237566788e-05,243053534,54.82
"290",0.44,702646128244,2.298e-05,0.955542851020582,1.64819036647677,39.045442949282,240.1137773355,0.00277629638263925,177075915,9.06
"291",0.08,210556864543,1.479e-05,1.19868425172754,1.47889088382479,26.5704558056314,141.084928199416,0.000380295126067471,71865261,37.14
"292",0.11,369293733926,2.186e-05,0.542072967519052,0.695651886628475,142.083292576717,116.866981476778,0.000427720076345358,235638491,44.78
"293",0.2,716178401920,7.81e-06,0.746979579071049,1.18384713234846,196.1198845529,28.5693723824807,0.000298562543129984,251851167,55.28
"294",0.34,735298131921,1.58e-05,0.81935200328473,1.85311201065546,190.425802144455,240.305436885683,0.00371697068849826,45599097,3.5
"295",0,634334952969,1.747e-05,0.454570504608564,1.65336287426995,139.916499418905,135.439979709918,0.00285160922616318,295892065,31.62
"296",0.33,494836702961,2.723e-05,0.616772531892639,1.80438335143495,112.990239565261,134.825831954367,0.00422014525607903,318597465,19.74
"297",0.39,622946262117,1.681e-05,1.05623325396096,2.05875519265421,193.224515335169,169.019743445097,0.00296723719427147,99595779,8.16
"298",0.48,751029009628,2.3e-05,0.929021368434187,1.35708161782473,51.8214673036709,112.639903574018,0.000883597144356075,387819388,18.79
"299",0.44,499656756455,1.666e-05,1.08960167408921,2.09363619021606,53.2835873833392,164.113556413213,0.00219489166414686,86587049,8.34
"300",0.07,646767863287,5.39e-06,0.750814106895123,1.23390261011198,54.7072260756977,188.783431780757,0.000372500741872007,155527187,63.22
"301",0.05,635225666082,7.19e-06,1.16114302368136,2.26693532629404,167.240561300423,41.1297434475273,0.000620001614203359,374676427,110.52
"302",0.08,305657507260,1.999e-05,0.71866447908571,1.43640918700723,50.5813816213049,154.966636258177,0.00179481989110523,266118333,56.21
"303",0.35,689122685161,2.362e-05,0.0631624224106781,0.24624378766166,138.854265288683,220.633152051596,0.00090217452925513,256737647,12.04
"304",0.02,381633452780,2.52e-06,0.610362201333046,1.34800925666699,85.9714657359291,179.112242965493,0.000287486342302391,266854848,368.75
"305",0.25,579838317668,1.622e-05,0.626797236937564,0.683794178070966,35.811432544142,136.444241565187,8.2300913690386e-05,337397466,50.91
"306",0.01,186775442767,1.569e-05,0.916226856759749,1.95548313834006,77.539989707293,127.651403541677,0.00186220770135796,133505014,61.51
"307",0.03,571095552854,2.325e-05,0.202850628644228,1.39489488083404,117.115718411515,182.760219002375,0.00491871679436022,10155747,0.81
"308",0.49,154384599996,2.007e-05,1.19231687426101,1.91713415763341,160.564625053667,226.675628434168,0.00296394849013018,390469223,99.22
"309",0.19,687563612245,1.424e-05,0.355760501620825,1.48666054635774,120.707451138878,223.320910410257,0.00337153144246838,277266709,26.46
"310",0.25,24147855192,6.93e-06,0.0107462019007653,0.998186964860652,43.9430675236508,195.978961058427,0.00133502778512813,377252239,1711.23
"311",0.07,696268020840,2.65e-06,0.417958933806513,1.16197983837221,52.4416094820481,146.390342450468,0.000249859407509006,88052936,55.9
"312",0.05,181648937939,2.43e-06,0.357136932320427,1.12213162468048,46.0762946517207,86.2149225373287,0.000146636046728304,396116311,1045.2
"313",0.45,252061853863,1.422e-05,0.0212498231139034,0.865262588651385,52.7562476578169,203.24898371473,0.00241731443736064,229321070,35.53
"314",0.29,368375268334,1.143e-05,0.727436428482179,1.07285985308234,55.7959669386037,103.526827291353,0.00033834786100123,54950278,14.86
"315",0.04,112288740070,8.18e-06,0.177276230631396,0.356277706476394,46.2129493011162,118.910193484044,0.000143755751705303,154198524,225.94
"316",0.42,613697251149,2.232e-05,0.235807127482258,1.26648432730231,192.918210889911,225.97917583771,0.00512002214853158,228859940,10.82
"317",0.2,297708013146,5.46e-06,1.04993204460014,1.55529636483872,106.445667915978,231.270097673405,0.000509737130995343,12492427,9.75
"318",0.35,402875327840,3.72e-06,0.190394207271747,0.87430889401352,52.4209641735069,236.210286419373,0.000543230180775478,37585613,18.47
"319",0.42,422740614936,8.62e-06,1.10967126806267,1.27635221492033,101.422968076076,133.432485716185,0.000170811764534565,175436724,51.37
"320",0.21,680380659404,5.94e-06,0.694470708251465,0.901200344460085,73.6184668261558,39.3655939667951,6.57573093731013e-05,330246973,109.9
"321",0.01,302148281410,2.502e-05,0.0286935616983101,0.133429055949673,65.259341604542,200.474049843615,0.000482159066376594,143500846,21.47
"322",0.47,87958339159,2.429e-05,0.0896695090737194,0.181311147157103,82.6620514737442,113.796923309565,0.000233721348809013,282865008,97.23
"323",0.07,74483808393,1.676e-05,0.691836404725909,1.00158323575975,179.394161573146,72.5301970611326,0.000586869573140421,295237159,352.79
"324",0.12,132205708642,9.17e-06,0.756445744843222,1.84515278508188,45.8754593739286,156.091987277614,0.00129817458223583,306915767,291.75
"325",0.11,50567821830,1.323e-05,0.102550232263748,0.482054555227514,150.777568941703,115.922202006914,0.000603330687779228,356276621,540.25
"326",0.23,322894890204,2.823e-05,0.511544726639986,0.64524794816738,143.520846543834,67.1676140918862,0.000375563560197779,196257562,28.56
"327",0.47,519528412709,1.954e-05,0.669055678357836,0.903428058323916,138.747224817052,230.298138834769,0.00088662709615172,47098280,4.08
"328",0.09,686821603647,1.273e-05,0.876313146022148,1.77987816174049,101.154295925517,73.3749302395154,0.000933875324417038,263206218,38.15
"329",0.35,304967983020,9.04e-06,0.641988501115702,1.82902371479897,30.6000342068728,187.206717371009,0.00166901299899462,349507815,102.96
"330",0.1,448931112140,4.04e-06,0.464138696410228,0.910892399165314,194.247567013372,155.341611959739,0.000300794820587096,51575597,36.13
"331",0.09,131720484556,9.56e-06,0.633844717189204,0.697887880960479,83.9479193382431,153.303826972842,7.40053453662502e-05,366855824,496.64
"332",0.08,73550340228,5.7e-06,0.0708154532499611,0.347857798610348,91.7787953570951,81.3311970152427,0.000130300416398454,113644436,281.93
"333",0.02,195158097087,1.541e-05,0.0543407929758541,0.157153457840905,32.8835946507752,197.345023154048,0.000260597747939174,281532770,114.66
"334",0.08,439691620055,1.667e-05,1.17139429010451,1.24955185405677,143.635151302442,118.797347554937,0.000170245821805083,232568088,56.27
"335",0.39,609571280018,2.974e-05,1.11418515806785,2.1867883359897,131.659912061878,248.333455790998,0.00683877084121266,272533641,12.88
"336",0.27,267214398608,5.1e-06,0.914454662571661,1.42937069125474,78.3668120857328,213.389823870966,0.000434549447447392,348670775,290.87
"337",0.01,713120070118,2.951e-05,0.539705391987227,1.57581677912967,121.88699344988,200.639121211134,0.00565888920713192,393160822,23.07
"338",0.21,308409661977,2.938e-05,0.684324649712071,0.858424856709316,71.9040370779112,52.6309112203307,0.000311155025896234,205217615,31.3
"339",0.3,458383989909,1.636e-05,0.473798176175915,1.37669810289517,93.474587687524,109.608521393966,0.00157134662025067,205037591,23.92
"340",0.23,223436219492,1.64e-05,0.45557870245073,1.51700673441403,26.9525148440152,44.580146134831,0.000722939263940483,310252748,78.7
"341",0.21,119795076493,1.797e-05,0.36579725000076,0.917221980614122,191.374276974238,148.752314358717,0.00157102374847753,155759301,74.33
"342",0.38,357127731233,4.13e-06,0.836442018491216,0.957248557684943,140.038055588957,211.108835606137,8.91004269496038e-05,381986962,293.16
"343",0.22,405622325169,1.377e-05,0.838180017997511,1.83944197454257,93.9538786071353,191.239474678878,0.00228522465634029,105440440,19.83
"344",0.4,383064168941,1.467e-05,0.359685070323758,1.15751593262656,87.4728825991042,114.774395397399,0.00128637963336997,22768306,2.95
"345",0.02,467399145302,1.316e-05,1.14561344228219,1.67437865483807,54.025409638416,221.253014641115,0.00110164819047141,300348888,76.67
"346",0.43,567646102225,2.07e-05,1.07763166912831,1.66287688893499,92.2113313397858,235.565489815781,0.00222860163871327,291021497,22.01
"347",0.49,13717333851,1.657e-05,0.124261031597853,0.696328748266678,99.1172927606385,157.500723266276,0.00143774316375228,267619346,670.89
"348",0.13,707716747734,8.3e-06,0.0989552287431434,0.694475111742504,186.651145352516,205.889229883906,0.00100971103956037,160016673,25.62
"349",0.29,64895045727,1.027e-05,0.540131513867527,1.01556217384292,121.243020368274,129.326985275839,0.000619751189823441,266028383,408.56
"350",0.4,236777000125,1.273e-05,0.986803602462169,1.09202584477607,153.08411384467,248.26727626496,0.000273098046592494,194430591,72.2
"351",0.34,186388677894,2.121e-05,0.465887414587196,0.665047808508389,193.801169050857,121.600328531349,0.000630838457909765,382275864,103.25
"352",0.4,125265625906,1.064e-05,1.13627348424401,1.37987108182395,107.38152822596,76.7171612707898,0.000233565555139944,363035111,289.34
"353",0.13,449998638348,8.26e-06,0.497666382973548,0.694384676041082,99.7491192014422,181.492693250766,0.000243097834561158,97927757,37.52
"354",0.07,267501929160,2.072e-05,0.473136746420059,0.96125887298258,138.461677241139,209.780003252672,0.00191877053780967,60471386,14.14
"355",0.26,384475530598,8.31e-06,0.954671953348443,2.06276755216299,183.126401953632,212.236446019961,0.00188199058818457,238374844,75.02
"356",0.19,739774660266,7.54e-06,1.18010742174461,1.74301170706749,73.4791704919189,137.366084376117,0.000481868906313038,118735649,27.48
"357",0.03,753862468563,7.28e-06,0.597233355573844,1.60484463996021,160.750728601124,137.083701672964,0.00104282835644471,186644690,42.17
"358",0.38,416086452024,2.961e-05,0.097794082458131,0.149068901732098,106.656818819465,212.82882874948,0.00026457519835494,203278610,16.16
"359",0.41,347293310724,9.77e-06,1.01417781478725,1.83826375114266,80.9605206479318,170.061930635711,0.00114501503701662,122145523,30.96
"360",0.06,588345256764,6.2e-06,0.629355894953478,1.15665758892661,110.821324225981,59.4846823834814,0.000246449706475734,48585932,18.14
"361",0.25,427884404433,2.696e-05,1.16511403986486,1.85317828931147,138.835289684357,33.0634065147024,0.00130122963995263,68156301,6.79
"362",0.29,583321388524,1.746e-05,0.247748847908806,0.61108643008396,49.5105660695117,52.914740901906,0.000330571130118715,284320001,25.75
"363",0.12,273264657930,9.53e-06,1.06608534618281,1.42655643813312,164.551360154292,122.22161195823,0.000478759092922305,137669964,78.18
"364",0.18,482945790479,2.954e-05,1.01927690996556,1.86265358061064,122.30970588862,235.536237288034,0.00499183952380716,208775083,17.34
"365",0.37,52678846659,2.984e-05,0.031208512163721,0.905399866211228,91.659628902562,223.454446648248,0.00576712204282794,318583205,131.01
"366",0.12,514771246086,2.801e-05,0.313942462743726,0.795388367222622,72.0373254676815,164.813095802674,0.00193759542329519,128756357,10.14
"367",0.12,54891132049,9.72e-06,1.10944523006678,1.39140217958018,176.201773248613,77.0882808777969,0.000326861840114315,252973222,727.04
"368",0.38,365982262308,6.33e-06,1.06300805367995,1.61698718958534,158.191674906993,110.362074500881,0.00044791963224751,290315558,122.8
"369",0.15,513921930392,2.218e-05,0.370396931485739,1.39006283283234,96.9447651004884,75.3418351290748,0.00177836071034897,358395884,31.52
"370",0.27,585627962558,2.161e-05,0.790044489216525,0.887624451501761,60.3572917170823,112.254687125096,0.000186237586281553,102806057,10.94
"371",0.4,443032297799,1.412e-05,0.108192139754537,0.395105121806264,189.853284409037,58.8226665742695,0.0003217522098697,395624219,45.23
"372",0.13,603122703342,2.801e-05,0.094370227176696,0.435296960796695,67.4118234834168,84.7853898419999,0.000789330953985435,195182877,11.42
"373",0.07,785337176397,1.422e-05,0.463930826901924,0.852205028452445,130.213924864074,239.887760521378,0.00113706207080831,230771781,27.79
"374",0.01,87410006928,4.48e-06,0.284654792041983,1.33673585197888,40.6756486103404,146.923364070244,0.000632259427392707,168306194,482.65
"375",0.33,192171430327,2.06e-06,0.507174455351196,0.517769502550363,62.4876964138821,39.1397115250584,1.10557317274107e-06,383916318,1284.04
"376",0.46,781783483233,6.54e-06,0.334880678548943,0.381859493628144,144.60109322099,127.875961380778,4.16473122271627e-05,148641504,29.09
"377",0.06,470202700808,1.537e-05,0.462415388736408,1.44188457025448,85.8821677102242,145.215854671551,0.00202060859877611,185121303,29.62
"378",0.07,698292643658,2.16e-05,1.17840455701342,1.3929043345293,153.435099776834,106.176587130176,0.000589374411326266,331574852,37
"379",0.45,121033519905,2.201e-05,0.396872645409312,1.07343274228508,135.59294375591,216.968743607868,0.00297274081610814,22378612,5.92
"380",0.35,393833488086,2.456e-05,1.10923786565429,1.62116786430823,116.071083018323,96.3415585109033,0.00130457607022368,154999591,16.65
"381",0,691446569799,2.806e-05,1.13626000680262,2.09280351136811,61.0908742411993,57.353776547825,0.0015702219464974,57975192,4.31
"382",0.1,760299292635,1.544e-05,0.86456023029983,1.87453526113182,125.400194054237,31.8767967226449,0.000883491085976439,189714400,19.78
"383",0.45,448298267475,1.385e-05,0.223928457587026,0.83351642184658,67.4547614355106,153.887141688028,0.00118714822101721,359804585,37.9
"384",0.03,595220855696,4.96e-06,0.968037768285722,1.13727057057433,75.5957366374787,69.0861036418937,6.04707894074012e-05,64931392,38.54
"385",0.16,200058432114,2.579e-05,0.830845822864212,1.95576945230365,118.453198386123,216.901706455974,0.00559348932267786,183739432,39.59
"386",0.41,618745090324,4.93e-06,0.869683059717063,1.160352486989,72.0331107673701,200.596870708978,0.00021291243209412,104927192,33.97
"387",0,116282502452,2.68e-05,0.574901495082304,1.05832167003304,28.2173422514461,179.206458438421,0.00171865728312685,335185561,154.94
"388",0.13,568496250047,1.31e-05,0.173908278900199,0.498842405383475,57.9768263734877,242.887135251658,0.000875378103536014,161450772,23.69
"389",0.22,729553888005,1.853e-05,0.15270109915873,1.28122908705845,179.656529682688,79.2592886195052,0.00179436095202924,151961095,9.39
"390",0.17,361744342083,2.735e-05,1.08357032137923,1.38533927237382,86.051975924056,41.4105343748815,0.000496041707530339,159594013,23.1
"391",0.43,199755864593,2.433e-05,1.18982529091882,1.96900476965588,63.365200482076,185.789495805511,0.0027356562324482,15099381,2.69
"392",0.32,696094900817,1.842e-05,0.349335350114852,0.442335905123036,128.445764165372,199.957958987216,0.000290891417873885,288900906,26.7
"393",0.3,477499373313,2.087e-05,0.933064916986041,1.01645512755029,96.4770490420051,238.788705260959,0.000298778377564387,381033876,50.56
"394",0.34,650147434894,1.633e-05,0.541885370556265,1.19379134900402,93.7321905454155,88.092243950814,0.000953497305980858,195472412,16.55
"395",0.02,189817494927,1.432e-05,0.637211205444764,1.69954279535683,191.391135979211,73.449198511662,0.00150541713567029,21922880,10.04
"396",0.07,601822847493,2.28e-05,1.03992508495925,1.22135991488351,198.307710303925,145.218639768427,0.000698786391553304,188513575,23.1
"397",0.46,189421312888,4.76e-06,0.48733109055087,1.01805743499193,83.5661109245848,211.43210020382,0.000445704329252212,306669552,251.79
"398",0.45,267361164435,2.483e-05,0.988020438677631,1.22233618169324,175.558520585764,174.301444506273,0.00101705714434196,274075005,39.93
"399",0.07,174017901411,1.411e-05,0.954067795029841,1.49002000150736,164.764101878973,223.213347123237,0.00153065561357918,62753123,37.07
"400",0.04,375679319073,2.67e-06,0.683084314765874,0.916419938888866,38.725808536401,177.738034183858,7.58050126047134e-05,255373818,410.39
"401",0.24,294644858905,1.131e-05,0.565704146954231,1.26745726402616,191.083841095679,144.057424890343,0.00123923088765225,151740242,46.57
"402",0.33,716298852914,7.14e-06,0.313220428416971,1.45475274168886,178.767812572187,170.738424034789,0.00140023051122824,337010276,50.55
"403",0.4,204592737029,3.93e-06,0.613881991016679,1.72214257800719,60.2649208391085,140.860849386081,0.00054132856916668,272798550,254.71
"404",0.21,191130554820,1.517e-05,0.845442405573558,1.2083049524785,152.536108071217,243.9168287965,0.00114952020028187,122491452,54.12
"405",0.48,151741096398,2.063e-05,0.0219064936647192,0.290407380114775,55.1264520152472,227.607863128651,0.0012221555791294,59843795,10.46
"406",0.27,698577113696,5.47e-06,1.01370381769259,1.65858864154899,97.9759836976882,55.5395734321792,0.000247265051996808,291162144,84.03
"407",0.28,350426995305,8.75e-06,0.507656562516931,1.10757290947251,156.270499684615,96.6929174668621,0.000590058273685856,41102649,13.15
"408",0.11,376306265639,6.59e-06,0.662598460887093,1.40376836723415,86.158664355753,51.2252287589945,0.0002963668566369,165895545,81.43
"409",0.35,177051026595,1.648e-05,0.185346403007861,1.17743027599528,65.5618617834989,231.068020517705,0.00354166781128628,298688137,72.7
"410",0.46,449406506123,4.02e-06,0.396285202077124,1.37701380966697,151.895605272148,54.0619551728014,0.000277065500495691,145577800,51.71
"411",0.12,243060408155,2.22e-06,1.06313205013052,1.7827698953962,96.3840513373725,136.379532067804,0.000196801768004808,101684842,248.37
"412",0.2,80308674860,1.443e-05,0.604734139784705,1.73117739832727,33.8710042415187,84.2804165848065,0.00120438935643623,106138569,92.36
"413",0.41,75404141857,1.103e-05,0.789689165533055,1.37472720573191,123.136855656048,93.2281386631075,0.000664122831839817,132773512,139.3
"414",0.45,360941395420,7.64e-06,0.396343971623573,1.44458745155018,97.7806096023414,159.812879061792,0.001201343833229,20726899,4.93
"415",0.22,691156776096,1.409e-05,0.207199004874565,0.333045008294284,120.226956193801,243.0658904952,0.000355215548961894,132667177,16.32
"416",0.41,353133501101,2.401e-05,0.798742095602211,1.96207038570428,79.0005345712416,220.584830117878,0.00523368616436524,121630211,11.08
"417",0.07,624053945462,2.758e-05,1.08721385454992,1.47850066613872,170.518946502125,57.4081974162254,0.00110652928440581,226277158,20.33
"418",0.47,437991512946,2.557e-05,0.715343652267475,1.0991294627008,53.4591013740283,236.345579661429,0.00167124559117204,331738481,24.37
"419",0.14,543070658371,1.934e-05,0.642730128061958,1.17578796152957,69.8375464126002,51.0708749643527,0.000586545912526516,131414926,15.64
"420",0.34,700571136519,1.564e-05,0.919718703811523,1.9764517141995,63.5338462714572,173.689685278805,0.00238469038663546,62115404,5.12
"421",0.02,164758069660,2.094e-05,0.898068120598327,2.02797912345268,81.5286606200971,205.841787630925,0.00412001848022423,110841931,42.44
"422",0.32,238709437978,6.14e-06,0.306618930036202,0.36309460176155,172.247828793479,50.4713723319583,3.62375151819825e-05,285643333,239.57
"423",0.21,712009821599,1.589e-05,1.13644293904072,1.87213940466754,50.4885283589829,224.387774761999,0.00193162134410592,39793864,4.21
"424",0.4,351252650181,2.754e-05,1.1973892758321,1.70445922206622,187.16331916512,222.525367111666,0.00291730538103769,248107638,25.08
"425",0.3,449499261659,1.966e-05,0.278221704186872,1.16205881978618,123.754093749449,242.139524547383,0.00392604140643382,80329855,7.42
"426",0.42,497350519393,2.359e-05,0.634653191890102,1.14730028917314,199.022308748681,183.879251166945,0.00228084335554924,167660662,12.17
"427",0.34,254117633635,1.878e-05,0.161538865061011,1.15857847689418,150.438514433336,89.7171562945005,0.00176698550846378,189929888,28.27
"428",0.06,187971740139,2.117e-05,0.0267567276093178,0.766275093387812,199.385603243718,132.084734778618,0.00208692547657758,371004341,89.59
"429",0.04,579076538503,1.023e-05,0.8090907765273,1.18804739885963,43.4815130603965,116.715526615735,0.000345965158754994,384303615,100.15
"430",0.01,586772344303,6.96e-06,0.664368035392836,1.30765052410075,34.0279068914242,25.4823726601899,0.000125098841982231,338877686,115.77
"431",0.48,125661172813,3.25e-06,0.784990085458849,1.66199075083481,159.956718626199,216.374826466199,0.000573494859124362,17737212,30.91
"432",0,16397282202,2.677e-05,1.08549416566733,1.83951822212199,116.375572420657,146.535556355957,0.00275586675004487,95947112,326.03
"433",0.41,764333181989,2.343e-05,0.184780655798968,0.635971455709077,180.553478782531,151.607364189113,0.00165358356205389,106212739,4.21
"434",0.26,398658678734,1.289e-05,0.365525562204421,0.966477590531576,67.2266402514651,222.240607405547,0.00145909110644051,199726974,37.01
"435",0.06,774552574360,2.993e-05,0.192721124114469,1.23593040079111,140.221501886845,201.063113129931,0.00611276897985832,391367101,17.3
"436",0.41,777150464354,1.62e-05,0.372316232405137,1.33086989972275,74.554054508917,160.668666608399,0.0022804557316864,255232193,14.31
"437",0.08,288934634174,2.804e-05,0.86846273770323,1.25093693982111,68.6761348100845,141.63764839177,0.00122103337969372,225313412,41.48
"438",0.4,390010499253,9.74e-06,0.0880064795841463,0.407879176407587,44.5322898798622,237.586664647097,0.00066663777210188,344368860,62.03
"439",0.14,435827652074,3.38e-06,0.596838454876561,1.52318638885161,72.647332563065,113.855895551387,0.000327668967437377,160535030,120.85
"440",0.05,727741734867,2.503e-05,0.0233099465747364,0.768252801171038,66.2890069070272,156.60591146443,0.00289341403512338,279821646,14.81
"441",0.41,514312751978,2.996e-05,0.0203622725186869,0.861915161598008,40.9388747764751,62.853632302722,0.00157798205879603,183676271,7.1
"442",0.15,614523650783,1.202e-05,0.173566279993393,0.342228097647894,170.4319866898,86.431166890543,0.00022448007335625,167143691,26.97
"443",0.2,405724602714,2.971e-05,0.775264455319848,1.81301359832054,141.013455810025,85.3363362664822,0.00305393773051135,341520238,29.96
"444",0.06,429900210637,2.567e-05,0.247718629436567,0.316409892130177,191.717108536977,43.4625622583553,0.000186246727382384,23335982,3.43
"445",0.2,560819475390,2.892e-05,0.185423102485947,1.09722716741264,40.3728449658956,249.83933395124,0.006066388315775,320151678,17.43
"446",0.24,779862204790,2.272e-05,0.789110517739318,1.5594247074239,160.263223620132,160.093148739543,0.00280282201827046,24093312,1.45
"447",0.23,672583881454,1.013e-05,0.607485921725165,0.657010272026528,79.2138983961195,35.043571155984,2.80904028242424e-05,39727723,8.49
"448",0.34,312017953293,2.378e-05,1.18974787023151,1.33179244074039,108.253010985209,32.2225504904054,0.000227597399159527,160650268,26.55
"449",0.45,265253289882,1.126e-05,0.477033632104285,0.978473556530662,143.492541677551,208.352225361159,0.00107396729181353,24394921,6.19
"450",0.17,240749523025,7.88e-06,1.12319896496134,1.77370897605782,109.707867429825,98.6147080198862,0.000525881178312951,374910142,253.16
"451",0.42,152986708356,2.032e-05,0.478749471674673,1.49497460409533,90.8242819423322,190.897023066645,0.00356107973519463,291292148,66.5
"452",0.28,664774045136,2.872e-05,0.0192724888189696,1.15389699814841,126.672036346281,173.153204761911,0.0056300814190657,229115181,8.68
"453",0.25,67655607248,2.355e-05,0.232343843695708,1.37352814096492,184.545640961733,149.255367164733,0.00410146724018753,331126396,171.49
"454",0.05,78065750296,2.556e-05,0.0894726469414309,0.397213922317605,116.273915593047,134.618333226535,0.00104028018928164,74197543,40.42
"455",0.19,530969389635,2.988e-05,0.465245690494776,0.488044336861931,96.2187367666047,242.741679842584,0.000117054873653453,73763505,7.29
"456",0.4,575638670705,3.48e-06,1.08595476567047,1.20215636794455,62.8743668086827,139.20899812947,4.18953913445445e-05,109373371,61.43
"457",0.27,403696643109,6.44e-06,0.970168193713762,1.02542096253252,137.923855893314,96.7534843657631,4.15082908547218e-05,157112328,84.61
"458",0.42,670799976503,1.226e-05,0.453792478069663,1.40260486171115,63.0099501810037,109.446832648246,0.00117232128493872,224803095,19.53
"459",0.42,788463425725,1.209e-05,0.676316448685247,0.694341624034569,56.6463218012359,95.7111446245108,1.66795619039434e-05,139707452,16.68
"460",0.09,189125846224,1.37e-05,0.365572671047412,0.381918055650312,71.1775221629068,159.077650523977,2.6073611356427e-05,256673599,174.82
"461",0.34,611472203345,1.15e-05,0.0615641197166406,0.933885304010473,155.301295896061,199.424714932684,0.0019843616447502,96990571,9.5
"462",0.49,395788934152,2.696e-05,0.569492849039379,1.090922486661,189.760511374334,141.942379344255,0.00219556417506623,66261297,4.54
"463",0.01,56877441506,5.27e-06,0.387643589288928,1.21882906456711,111.26315088477,128.209224279271,0.000547712553695553,109942990,443.46
"464",0.45,394886684560,2.379e-05,0.643943437195849,0.970010217074305,121.148453274509,176.774499210296,0.0012126042283194,209434126,19.33
"465",0.45,352685726243,2.355e-05,1.16132117815083,1.79077543296386,72.9776780761313,88.6238226783462,0.00123038765137169,340380273,34.93
"466",0.26,604540412270,1.072e-05,1.08740642849356,1.93882610550616,189.501434675185,40.6904791772831,0.000802169106680207,133022990,22.39
"467",0.26,212753913025,8.65e-06,0.1703573888354,0.916524888544809,72.2171118133701,185.020040289965,0.00111810083202975,371713796,166.5
"468",0.07,416462712667,1.678e-05,0.456185195625294,0.533110893506091,122.430221748073,43.9679559727665,0.000102168680308646,57788654,13.91
"469",0.4,371197888828,1.222e-05,0.539218050166965,1.40834784876555,61.0085525142495,86.3850142457522,0.000858247972760157,363739461,61.45
"470",0.16,529297047514,4.37e-06,0.850131710949354,1.04450895695947,148.466049396666,43.70411131531,7.56166708393069e-05,209818656,134.24
"471",0.21,762144433260,2.165e-05,0.709781057010405,1.56682012970094,174.503571237437,80.0161589693744,0.00194123862695144,317598350,20.47
"472",0.09,441230492177,2.519e-05,0.348752441839315,1.29461755012628,57.0201444497798,203.027608536649,0.00430090801637663,217863913,21.04
"473",0.07,566449779654,1.203e-05,0.0294159118831158,0.932134334652219,52.3766900179908,106.329721672228,0.00114481990554997,236209771,32.75
"474",0.01,703933568215,2.011e-05,0.0306735140131786,0.482323040389456,81.8543260800652,147.04811827396,0.00131585977714742,157442953,11.44
"475",0.22,205904886806,2.33e-06,0.7380326146679,1.68765942665748,171.379676926881,99.7376747021917,0.000260091718932694,89974002,196.17
"476",0.26,242437741233,7.66e-06,0.213521428813692,0.575010038635228,171.794209082145,139.56057621981,0.000405646253500928,354344100,179.5
"477",0.42,362070204942,2.16e-05,0.882993054778781,1.51673158492427,120.974820130505,122.933236218523,0.00167426989664874,222480572,24.57
"478",0.1,630187014337,2.265e-05,1.0089651093469,1.05081562623149,36.8301084963605,134.511880122591,8.24486696456321e-05,184169187,22.62
"479",0.45,531308318218,3.89e-06,0.289187624664046,0.685455652652308,188.599284389056,236.653254809789,0.000346860418943755,398122893,139.5
"480",0.35,717019320375,2.505e-05,0.926055734246038,1.67806682512397,25.4477674956433,76.2104628607631,0.00113684411669676,181091489,9.54
"481",0.33,163897104366,1.135e-05,0.671021089011338,1.65037953679217,85.2620391815435,187.102036358556,0.00181510925126454,167250719,79
"482",0.32,313487392073,1.1e-05,0.825256647597998,1.94258103516186,159.557579498505,43.6210807063617,0.000884654479790904,61746498,16.17
"483",0.17,741938382634,1.094e-05,1.00649683466647,1.17259835239733,141.171043470968,90.2484416030347,0.000205487629365595,86043131,15.96
"484",0.29,438915955545,1.33e-05,0.389611937422305,0.875263894710224,104.936051578261,46.379682701081,0.000396420045107109,56121073,9.21
"485",0.31,575700238016,2.994e-05,0.0805780980736017,0.548720141232479,49.7478706471156,179.256285447627,0.00236508040759213,316051981,13.73
"486",0.37,738601938181,6.42e-06,0.396360760310199,0.5710397976893,142.746165761491,63.87246735394,0.000105395730469142,124994074,27.01
"487",0.14,714753710406,1.635e-05,0.175318740811199,0.377016073074192,120.63325077761,163.315631292062,0.000501084267233046,289251978,28.97
"488",0.42,492876260269,2.592e-05,0.96166165817529,1.40517399236094,48.2199381687678,150.809531321283,0.00128946165418922,274681753,20.15
"489",0.49,733561562954,5.2e-06,1.01375484650023,1.9043147857138,128.219246759545,171.559262345545,0.000733392971542987,224877705,43.4
"490",0.41,786955245750,2.526e-05,0.336649756547995,0.595950116617605,173.479903367115,114.454978093272,0.000873279638300341,256791877,11.22
"491",0.33,642570085668,2.137e-05,0.209780976262409,0.268904379359446,111.482670804253,141.790907090763,0.000163122637615765,269789420,22.47
"492",0.15,727830815725,1.321e-05,0.8261900690943,1.3606232490926,172.855729761068,82.0053918869235,0.000797473178979232,237581501,31.76
"493",0.1,651403913987,2.614e-05,1.17963272145018,1.35970804734156,141.946251702029,226.629844645504,0.000886168580765786,67833217,6.57
"494",0.04,533004915824,2.936e-05,0.519216343786102,0.865587665047497,44.8926515236963,132.686656952137,0.00104865799783151,339779798,31.46
"495",0.42,379964245483,1.805e-05,0.295545843078289,0.308374387391377,57.4286264891271,171.138989896281,2.68431912581037e-05,307936816,50.89
"496",0.15,20768182052,1.173e-05,0.976583408713341,1.35328257942339,110.241567180492,141.752196266316,0.000571414032378106,245722138,1412.47
"497",0.21,620052345742,2.091e-05,1.09465138153639,2.16387026401237,186.680347635411,167.777135362849,0.0038734722520265,274295130,23.58
"498",0.21,389587121143,1.624e-05,0.63667665198911,1.66931180211715,83.4065616189037,236.245816102019,0.00339846643593961,33326645,5.36
"499",0.21,287159249885,2.714e-05,1.04268528063782,1.49875280611683,117.403334099799,89.8305280832574,0.00124235238588081,144743049,23.66
"500",0.29,76316293839,1.172e-05,1.07620023562806,1.39913079635939,164.210791018559,161.36529983487,0.000615397986782111,300838261,405.99
